src,tgt,method,dim,seed,acc,f1,auc,acc_src,f1_src,auc_src,delta_acc,delta_f1,delta_auc
MUTAG,MUTAG,graph2vec,16,0,1.0,1.0,1.0,1.0,1.0,1.0,0.0,0.0,0.0
MUTAG,ENZYMES,graph2vec,16,0,0.16666666666666666,0.047961630695443645,0.49223,1.0,1.0,1.0,0.8333333333333334,0.9520383693045563,0.50777
MUTAG,IMDB-MULTI,graph2vec,16,0,0.31533333333333335,0.2507560490904333,0.47614500000000004,1.0,1.0,1.0,0.6846666666666666,0.7492439509095667,0.523855
ENZYMES,MUTAG,graph2vec,16,0,0.005319148936170213,0.003968253968253968,0.468952380952381,0.8666666666666667,0.8666794612253902,0.98371,0.8613475177304964,0.8627112072571362,0.514757619047619
ENZYMES,ENZYMES,graph2vec,16,0,0.8666666666666667,0.8666794612253902,0.98371,0.8666666666666667,0.8666794612253902,0.98371,0.0,0.0,0.0
ENZYMES,IMDB-MULTI,graph2vec,16,0,0.08066666666666666,0.06320295739092617,,0.8666666666666667,0.8666794612253902,0.98371,0.786,0.803476503834464,
IMDB-MULTI,MUTAG,graph2vec,16,0,0.39361702127659576,0.2626859730308006,0.46031746031746035,0.724,0.7237098445538862,0.8896206666666667,0.3303829787234042,0.4610238715230856,0.4293032063492064
IMDB-MULTI,ENZYMES,graph2vec,16,0,0.16333333333333333,0.0468675274988044,0.5374866666666667,0.724,0.7237098445538862,0.8896206666666667,0.5606666666666666,0.6768423170550818,0.35213400000000006
IMDB-MULTI,IMDB-MULTI,graph2vec,16,0,0.724,0.7237098445538862,0.8896206666666667,0.724,0.7237098445538862,0.8896206666666667,0.0,0.0,0.0
MUTAG,MUTAG,netlsd,16,0,0.9680851063829787,0.9635988124435265,0.9977777777777778,0.9680851063829787,0.9635988124435265,0.9977777777777778,0.0,0.0,0.0
MUTAG,ENZYMES,netlsd,16,0,0.13333333333333333,0.06430748071544544,0.407995,0.9680851063829787,0.9635988124435265,0.9977777777777778,0.8347517730496454,0.8992913317280811,0.5897827777777778
MUTAG,IMDB-MULTI,netlsd,16,0,0.2886666666666667,0.228254529100101,0.45976400000000006,0.9680851063829787,0.9635988124435265,0.9977777777777778,0.6794184397163121,0.7353442833434255,0.5380137777777777
ENZYMES,MUTAG,netlsd,16,0,0.34574468085106386,0.16330320663612727,0.652,0.9333333333333333,0.9333337406293194,0.9955133333333333,0.5875886524822695,0.7700305339931921,0.3435133333333332
ENZYMES,ENZYMES,netlsd,16,0,0.9333333333333333,0.9333337406293194,0.9955133333333333,0.9333333333333333,0.9333337406293194,0.9955133333333333,0.0,0.0,0.0
ENZYMES,IMDB-MULTI,netlsd,16,0,0.268,0.14009091441783492,,0.9333333333333333,0.9333337406293194,0.9955133333333333,0.6653333333333333,0.7932428262114845,
IMDB-MULTI,MUTAG,netlsd,16,0,0.42021276595744683,0.31395797185270874,0.6292063492063492,0.6173333333333333,0.6112285223188852,0.808035,0.19712056737588646,0.2972705504661765,0.17882865079365073
IMDB-MULTI,ENZYMES,netlsd,16,0,0.14166666666666666,0.09051003032647313,0.45850333333333343,0.6173333333333333,0.6112285223188852,0.808035,0.4756666666666666,0.5207184919924122,0.3495316666666665
IMDB-MULTI,IMDB-MULTI,netlsd,16,0,0.6173333333333333,0.6112285223188852,0.808035,0.6173333333333333,0.6112285223188852,0.808035,0.0,0.0,0.0
MUTAG,MUTAG,gin,16,0,0.9202127659574468,0.9121358467050943,0.9639365079365079,0.9202127659574468,0.9121358467050943,0.9639365079365079,0.0,0.0,0.0
MUTAG,ENZYMES,gin,16,0,0.17166666666666666,0.0690673416168124,0.512935,0.9202127659574468,0.9121358467050943,0.9639365079365079,0.7485460992907802,0.8430685050882819,0.45100150793650784
MUTAG,IMDB-MULTI,gin,16,0,0.3333333333333333,0.16666666666666666,0.4643105,0.9202127659574468,0.9121358467050943,0.9639365079365079,0.5868794326241136,0.7454691800384277,0.49962600793650785
ENZYMES,MUTAG,gin,16,0,0.3351063829787234,0.250996015936255,0.13320634920634922,0.5333333333333333,0.5277701564760421,0.8420966666666665,0.1982269503546099,0.2767741405397871,0.7088903174603173
ENZYMES,ENZYMES,gin,16,0,0.5333333333333333,0.5277701564760421,0.8420966666666665,0.5333333333333333,0.5277701564760421,0.8420966666666665,0.0,0.0,0.0
ENZYMES,IMDB-MULTI,gin,16,0,0.0,0.0,,0.5333333333333333,0.5277701564760421,0.8420966666666665,0.5333333333333333,0.5277701564760421,
IMDB-MULTI,MUTAG,gin,16,0,0.3351063829787234,0.250996015936255,0.40558730158730166,0.47733333333333333,0.447191010708141,0.6517883333333333,0.14222695035460992,0.196194994771886,0.24620103174603164
IMDB-MULTI,ENZYMES,gin,16,0,0.14333333333333334,0.06966525390719581,0.4276533333333334,0.47733333333333333,0.447191010708141,0.6517883333333333,0.33399999999999996,0.3775257568009452,0.22413499999999992
IMDB-MULTI,IMDB-MULTI,gin,16,0,0.47733333333333333,0.447191010708141,0.6517883333333333,0.47733333333333333,0.447191010708141,0.6517883333333333,0.0,0.0,0.0
MUTAG,MUTAG,graph2vec,32,0,1.0,1.0,1.0,1.0,1.0,1.0,0.0,0.0,0.0
MUTAG,ENZYMES,graph2vec,32,0,0.165,0.05323456790123456,0.46254500000000004,1.0,1.0,1.0,0.835,0.9467654320987654,0.537455
MUTAG,IMDB-MULTI,graph2vec,32,0,0.3253333333333333,0.21051657825169623,0.4640735,1.0,1.0,1.0,0.6746666666666667,0.7894834217483038,0.5359265
ENZYMES,MUTAG,graph2vec,32,0,0.0,0.0,0.38069841269841276,1.0,1.0,1.0,1.0,1.0,0.6193015873015872
ENZYMES,ENZYMES,graph2vec,32,0,1.0,1.0,1.0,1.0,1.0,1.0,0.0,0.0,0.0
ENZYMES,IMDB-MULTI,graph2vec,32,0,0.068,0.05216425690385199,,1.0,1.0,1.0,0.9319999999999999,0.947835743096148,
IMDB-MULTI,MUTAG,graph2vec,32,0,0.2925531914893617,0.1652271704903284,0.460952380952381,0.8413333333333334,0.8413160716203493,0.9589820000000001,0.5487801418439717,0.6760889011300208,0.4980296190476191
IMDB-MULTI,ENZYMES,graph2vec,32,0,0.16666666666666666,0.047619047619047616,0.5194033333333333,0.8413333333333334,0.8413160716203493,0.9589820000000001,0.6746666666666667,0.7936970240013017,0.4395786666666668
IMDB-MULTI,IMDB-MULTI,graph2vec,32,0,0.8413333333333334,0.8413160716203493,0.9589820000000001,0.8413333333333334,0.8413160716203493,0.9589820000000001,0.0,0.0,0.0
MUTAG,MUTAG,netlsd,32,0,0.9787234042553191,0.9757325416290177,0.9991746031746032,0.9787234042553191,0.9757325416290177,0.9991746031746032,0.0,0.0,0.0
MUTAG,ENZYMES,netlsd,32,0,0.15666666666666668,0.06491458918643385,0.45918,0.9787234042553191,0.9757325416290177,0.9991746031746032,0.8220567375886525,0.9108179524425838,0.5399946031746032
MUTAG,IMDB-MULTI,netlsd,32,0,0.2866666666666667,0.2247990455955058,0.451249,0.9787234042553191,0.9757325416290177,0.9991746031746032,0.6920567375886524,0.7509334960335119,0.5479256031746031
ENZYMES,MUTAG,netlsd,32,0,0.0,0.0,0.1407619047619048,1.0,1.0,1.0,1.0,1.0,0.8592380952380951
ENZYMES,ENZYMES,netlsd,32,0,1.0,1.0,1.0,1.0,1.0,1.0,0.0,0.0,0.0
ENZYMES,IMDB-MULTI,netlsd,32,0,0.0,0.0,,1.0,1.0,1.0,1.0,1.0,
IMDB-MULTI,MUTAG,netlsd,32,0,0.16489361702127658,0.1360099595393713,0.5363809523809523,0.6686666666666666,0.6671572919218663,0.8589706666666667,0.50377304964539,0.531147332382495,0.32258971428571437
IMDB-MULTI,ENZYMES,netlsd,32,0,0.165,0.08264804693376122,0.49730333333333326,0.6686666666666666,0.6671572919218663,0.8589706666666667,0.5036666666666666,0.5845092449881051,0.3616673333333334
IMDB-MULTI,IMDB-MULTI,netlsd,32,0,0.6686666666666666,0.6671572919218663,0.8589706666666667,0.6686666666666666,0.6671572919218663,0.8589706666666667,0.0,0.0,0.0
MUTAG,MUTAG,gin,32,0,0.9468085106382979,0.9416294088425236,0.9832380952380952,0.9468085106382979,0.9416294088425236,0.9832380952380952,0.0,0.0,0.0
MUTAG,ENZYMES,gin,32,0,0.16666666666666666,0.047619047619047616,0.500985,0.9468085106382979,0.9416294088425236,0.9832380952380952,0.7801418439716312,0.894010361223476,0.48225309523809523
MUTAG,IMDB-MULTI,gin,32,0,0.3333333333333333,0.16666666666666666,0.543007,0.9468085106382979,0.9416294088425236,0.9832380952380952,0.6134751773049645,0.7749627421758569,0.4402310952380952
ENZYMES,MUTAG,gin,32,0,0.0,0.0,0.5,0.6133333333333333,0.6118100252330573,0.8933299999999998,0.6133333333333333,0.6118100252330573,0.39332999999999985
ENZYMES,ENZYMES,gin,32,0,0.6133333333333333,0.6118100252330573,0.8933299999999998,0.6133333333333333,0.6118100252330573,0.8933299999999998,0.0,0.0,0.0
ENZYMES,IMDB-MULTI,gin,32,0,0.11666666666666667,0.0781991748072911,,0.6133333333333333,0.6118100252330573,0.8933299999999998,0.4966666666666666,0.5336108504257662,
IMDB-MULTI,MUTAG,gin,32,0,0.3351063829787234,0.250996015936255,0.5,0.484,0.45350389610389613,0.6633646666666667,0.14889361702127657,0.20250788016764115,0.1633646666666667
IMDB-MULTI,ENZYMES,gin,32,0,0.16666666666666666,0.047619047619047616,0.5052333333333333,0.484,0.45350389610389613,0.6633646666666667,0.31733333333333336,0.4058848484848485,0.1581313333333334
IMDB-MULTI,IMDB-MULTI,gin,32,0,0.484,0.45350389610389613,0.6633646666666667,0.484,0.45350389610389613,0.6633646666666667,0.0,0.0,0.0
MUTAG,MUTAG,graph2vec,64,0,1.0,1.0,1.0,1.0,1.0,1.0,0.0,0.0,0.0
MUTAG,ENZYMES,graph2vec,64,0,0.16666666666666666,0.04775549188156638,0.51048,1.0,1.0,1.0,0.8333333333333334,0.9522445081184336,0.48951999999999996
MUTAG,IMDB-MULTI,graph2vec,64,0,0.342,0.2653686662815516,0.5156565,1.0,1.0,1.0,0.6579999999999999,0.7346313337184485,0.48434350000000004
ENZYMES,MUTAG,graph2vec,64,0,0.0,0.0,0.48469841269841274,1.0,1.0,1.0,1.0,1.0,0.5153015873015873
ENZYMES,ENZYMES,graph2vec,64,0,1.0,1.0,1.0,1.0,1.0,1.0,0.0,0.0,0.0
ENZYMES,IMDB-MULTI,graph2vec,64,0,0.025333333333333333,0.023628100776658428,,1.0,1.0,1.0,0.9746666666666667,0.9763718992233416,
IMDB-MULTI,MUTAG,graph2vec,64,0,0.3351063829787234,0.250996015936255,0.3573333333333334,0.9053333333333333,0.9053276968991696,0.985102,0.5702269503546099,0.6543316809629146,0.6277686666666666
IMDB-MULTI,ENZYMES,graph2vec,64,0,0.16666666666666666,0.047619047619047616,0.51634,0.9053333333333333,0.9053276968991696,0.985102,0.7386666666666667,0.857708649280122,0.468762
IMDB-MULTI,IMDB-MULTI,graph2vec,64,0,0.9053333333333333,0.9053276968991696,0.985102,0.9053333333333333,0.9053276968991696,0.985102,0.0,0.0,0.0
MUTAG,MUTAG,netlsd,64,0,0.9893617021276596,0.9879672299027138,0.9994285714285714,0.9893617021276596,0.9879672299027138,0.9994285714285714,0.0,0.0,0.0
MUTAG,ENZYMES,netlsd,64,0,0.14333333333333334,0.06666666666666667,0.458935,0.9893617021276596,0.9879672299027138,0.9994285714285714,0.8460283687943263,0.9213005632360471,0.5404935714285715
MUTAG,IMDB-MULTI,netlsd,64,0,0.33,0.22902842241582103,0.4568255,0.9893617021276596,0.9879672299027138,0.9994285714285714,0.6593617021276597,0.7589388074868928,0.5426030714285714
ENZYMES,MUTAG,netlsd,64,0,0.07446808510638298,0.04005414874980092,0.43409523809523815,1.0,1.0,1.0,0.925531914893617,0.959945851250199,0.5659047619047619
ENZYMES,ENZYMES,netlsd,64,0,1.0,1.0,1.0,1.0,1.0,1.0,0.0,0.0,0.0
ENZYMES,IMDB-MULTI,netlsd,64,0,0.192,0.1103656398084938,,1.0,1.0,1.0,0.808,0.8896343601915062,
IMDB-MULTI,MUTAG,netlsd,64,0,0.4308510638297872,0.2992555512771146,0.5822857142857143,0.732,0.7320475697616294,0.9045223333333334,0.30114893617021277,0.4327920184845148,0.32223661904761913
IMDB-MULTI,ENZYMES,netlsd,64,0,0.17,0.09523826100840867,0.5020166666666667,0.732,0.7320475697616294,0.9045223333333334,0.5619999999999999,0.6368093087532207,0.40250566666666676
IMDB-MULTI,IMDB-MULTI,netlsd,64,0,0.732,0.7320475697616294,0.9045223333333334,0.732,0.7320475697616294,0.9045223333333334,0.0,0.0,0.0
MUTAG,MUTAG,gin,64,0,0.9574468085106383,0.9526209677419355,0.9904761904761905,0.9574468085106383,0.9526209677419355,0.9904761904761905,0.0,0.0,0.0
MUTAG,ENZYMES,gin,64,0,0.13833333333333334,0.06745821896535804,0.45899,0.9574468085106383,0.9526209677419355,0.9904761904761905,0.819113475177305,0.8851627487765774,0.5314861904761905
MUTAG,IMDB-MULTI,gin,64,0,0.31733333333333336,0.21499144400798495,0.480382,0.9574468085106383,0.9526209677419355,0.9904761904761905,0.640113475177305,0.7376295237339505,0.5100941904761905
ENZYMES,MUTAG,gin,64,0,0.02127659574468085,0.029411764705882353,0.23561904761904762,0.755,0.7549703260028134,0.9552900000000001,0.7337234042553191,0.7255585612969311,0.7196709523809525
ENZYMES,ENZYMES,gin,64,0,0.755,0.7549703260028134,0.9552900000000001,0.755,0.7549703260028134,0.9552900000000001,0.0,0.0,0.0
ENZYMES,IMDB-MULTI,gin,64,0,0.007333333333333333,0.009927797833935019,,0.755,0.7549703260028134,0.9552900000000001,0.7476666666666667,0.7450425281688784,
IMDB-MULTI,MUTAG,gin,64,0,0.3351063829787234,0.250996015936255,0.21917460317460316,0.49466666666666664,0.4791673614764939,0.677221,0.15956028368794323,0.22817134554023893,0.45804639682539683
IMDB-MULTI,ENZYMES,gin,64,0,0.15166666666666667,0.07255809110112761,0.4905199999999999,0.49466666666666664,0.4791673614764939,0.677221,0.34299999999999997,0.4066092703753663,0.18670100000000006
IMDB-MULTI,IMDB-MULTI,gin,64,0,0.49466666666666664,0.4791673614764939,0.677221,0.49466666666666664,0.4791673614764939,0.677221,0.0,0.0,0.0
MUTAG,MUTAG,graph2vec,128,0,1.0,1.0,1.0,1.0,1.0,1.0,0.0,0.0,0.0
MUTAG,ENZYMES,graph2vec,128,0,0.16666666666666666,0.04775549188156638,0.5,1.0,1.0,1.0,0.8333333333333334,0.9522445081184336,0.5
MUTAG,IMDB-MULTI,graph2vec,128,0,0.2986666666666667,0.2266326527617787,0.46017700000000006,1.0,1.0,1.0,0.7013333333333334,0.7733673472382213,0.5398229999999999
ENZYMES,MUTAG,graph2vec,128,0,0.0,0.0,0.3787936507936508,1.0,1.0,1.0,1.0,1.0,0.6212063492063492
ENZYMES,ENZYMES,graph2vec,128,0,1.0,1.0,1.0,1.0,1.0,1.0,0.0,0.0,0.0
ENZYMES,IMDB-MULTI,graph2vec,128,0,0.006666666666666667,0.0077655864750687115,,1.0,1.0,1.0,0.9933333333333333,0.9922344135249312,
IMDB-MULTI,MUTAG,graph2vec,128,0,0.3351063829787234,0.250996015936255,0.3922539682539683,0.966,0.9663174499589072,0.9992653333333333,0.6308936170212766,0.7153214340226522,0.607011365079365
IMDB-MULTI,ENZYMES,graph2vec,128,0,0.16666666666666666,0.047619047619047616,0.5024666666666667,0.966,0.9663174499589072,0.9992653333333333,0.7993333333333333,0.9186984023398597,0.4967986666666666
IMDB-MULTI,IMDB-MULTI,graph2vec,128,0,0.966,0.9663174499589072,0.9992653333333333,0.966,0.9663174499589072,0.9992653333333333,0.0,0.0,0.0
MUTAG,MUTAG,netlsd,128,0,0.9893617021276596,0.9879672299027138,0.9994285714285714,0.9893617021276596,0.9879672299027138,0.9994285714285714,0.0,0.0,0.0
MUTAG,ENZYMES,netlsd,128,0,0.16166666666666665,0.07593383737275756,0.4696,0.9893617021276596,0.9879672299027138,0.9994285714285714,0.827695035460993,0.9120333925299562,0.5298285714285714
MUTAG,IMDB-MULTI,netlsd,128,0,0.3486666666666667,0.22293295569441463,0.47648,0.9893617021276596,0.9879672299027138,0.9994285714285714,0.6406950354609929,0.7650342742082992,0.5229485714285714
ENZYMES,MUTAG,netlsd,128,0,0.06914893617021277,0.035268568915278464,0.4034920634920635,1.0,1.0,1.0,0.9308510638297872,0.9647314310847215,0.5965079365079364
ENZYMES,ENZYMES,netlsd,128,0,1.0,1.0,1.0,1.0,1.0,1.0,0.0,0.0,0.0
ENZYMES,IMDB-MULTI,netlsd,128,0,0.24266666666666667,0.1333780944646552,,1.0,1.0,1.0,0.7573333333333333,0.8666219055353448,
IMDB-MULTI,MUTAG,netlsd,128,0,0.2127659574468085,0.1792528459195126,0.5393650793650794,0.7373333333333333,0.737376265154043,0.9102459999999999,0.5245673758865248,0.5581234192345303,0.3708809206349205
IMDB-MULTI,ENZYMES,netlsd,128,0,0.16,0.0854868052104233,0.48929666666666666,0.7373333333333333,0.737376265154043,0.9102459999999999,0.5773333333333333,0.6518894599436197,0.42094933333333323
IMDB-MULTI,IMDB-MULTI,netlsd,128,0,0.7373333333333333,0.737376265154043,0.9102459999999999,0.7373333333333333,0.737376265154043,0.9102459999999999,0.0,0.0,0.0
MUTAG,MUTAG,gin,128,0,0.9680851063829787,0.9649776453055141,0.9965714285714286,0.9680851063829787,0.9649776453055141,0.9965714285714286,0.0,0.0,0.0
MUTAG,ENZYMES,gin,128,0,0.17,0.05448006990656718,0.508945,0.9680851063829787,0.9649776453055141,0.9965714285714286,0.7980851063829787,0.9104975753989469,0.48762642857142857
MUTAG,IMDB-MULTI,gin,128,0,0.348,0.24106940919337616,0.5190515,0.9680851063829787,0.9649776453055141,0.9965714285714286,0.6200851063829788,0.723908236112138,0.47751992857142855
ENZYMES,MUTAG,gin,128,0,0.14361702127659576,0.09000000000000001,0.5,0.9366666666666666,0.9368693402765945,0.9966666666666667,0.7930496453900708,0.8468693402765946,0.4966666666666667
ENZYMES,ENZYMES,gin,128,0,0.9366666666666666,0.9368693402765945,0.9966666666666667,0.9366666666666666,0.9368693402765945,0.9966666666666667,0.0,0.0,0.0
ENZYMES,IMDB-MULTI,gin,128,0,0.3626666666666667,0.2781692635850652,,0.9366666666666666,0.9368693402765945,0.9966666666666667,0.574,0.6587000766915293,
IMDB-MULTI,MUTAG,gin,128,0,0.30851063829787234,0.1659513590844063,0.5,0.5166666666666667,0.5036180640787989,0.6980806666666668,0.20815602836879438,0.33766670499439266,0.1980806666666668
IMDB-MULTI,ENZYMES,gin,128,0,0.17,0.05429143959398467,0.5036733333333333,0.5166666666666667,0.5036180640787989,0.6980806666666668,0.3466666666666667,0.44932662448481425,0.1944073333333335
IMDB-MULTI,IMDB-MULTI,gin,128,0,0.5166666666666667,0.5036180640787989,0.6980806666666668,0.5166666666666667,0.5036180640787989,0.6980806666666668,0.0,0.0,0.0
MUTAG,MUTAG,graph2vec,256,0,1.0,1.0,1.0,1.0,1.0,1.0,0.0,0.0,0.0
MUTAG,ENZYMES,graph2vec,256,0,0.17166666666666666,0.05748544021925317,0.51198,1.0,1.0,1.0,0.8283333333333334,0.9425145597807468,0.48802
MUTAG,IMDB-MULTI,graph2vec,256,0,0.332,0.1894721701435388,0.5152650000000001,1.0,1.0,1.0,0.6679999999999999,0.8105278298564612,0.4847349999999999
ENZYMES,MUTAG,graph2vec,256,0,0.0,0.0,0.37206349206349204,1.0,1.0,1.0,1.0,1.0,0.627936507936508
ENZYMES,ENZYMES,graph2vec,256,0,1.0,1.0,1.0,1.0,1.0,1.0,0.0,0.0,0.0
ENZYMES,IMDB-MULTI,graph2vec,256,0,0.0006666666666666666,0.000665335994677312,,1.0,1.0,1.0,0.9993333333333333,0.9993346640053227,
IMDB-MULTI,MUTAG,graph2vec,256,0,0.3351063829787234,0.250996015936255,0.3619047619047619,0.828,0.8280115085734604,0.9625940000000001,0.49289361702127654,0.5770154926372054,0.6006892380952382
IMDB-MULTI,ENZYMES,graph2vec,256,0,0.16666666666666666,0.047619047619047616,0.5090633333333333,0.828,0.8280115085734604,0.9625940000000001,0.6613333333333333,0.7803924609544128,0.45353066666666675
IMDB-MULTI,IMDB-MULTI,graph2vec,256,0,0.828,0.8280115085734604,0.9625940000000001,0.828,0.8280115085734604,0.9625940000000001,0.0,0.0,0.0
MUTAG,MUTAG,netlsd,256,0,0.9095744680851063,0.9004206262657735,0.9579682539682539,0.9095744680851063,0.9004206262657735,0.9579682539682539,0.0,0.0,0.0
MUTAG,ENZYMES,netlsd,256,0,0.16833333333333333,0.05401425752816675,0.422185,0.9095744680851063,0.9004206262657735,0.9579682539682539,0.741241134751773,0.8464063687376067,0.5357832539682539
MUTAG,IMDB-MULTI,netlsd,256,0,0.334,0.17165456736058826,0.44186499999999995,0.9095744680851063,0.9004206262657735,0.9579682539682539,0.5755744680851063,0.7287660589051852,0.516103253968254
ENZYMES,MUTAG,netlsd,256,0,0.0,0.0,0.7547936507936508,0.3416666666666667,0.3339506198123859,0.71046,0.3416666666666667,0.3339506198123859,-0.044333650793650814
ENZYMES,ENZYMES,netlsd,256,0,0.3416666666666667,0.3339506198123859,0.71046,0.3416666666666667,0.3339506198123859,0.71046,0.0,0.0,0.0
ENZYMES,IMDB-MULTI,netlsd,256,0,0.08,0.0564042303172738,,0.3416666666666667,0.3339506198123859,0.71046,0.26166666666666666,0.27754638949511207,
IMDB-MULTI,MUTAG,netlsd,256,0,0.648936170212766,0.6147540983606558,0.6535873015873016,0.47733333333333333,0.46347670509320915,0.6505206666666666,-0.17160283687943262,-0.1512773932674466,-0.0030666349206349697
IMDB-MULTI,ENZYMES,netlsd,256,0,0.16,0.05602334771619678,0.5187499999999999,0.47733333333333333,0.46347670509320915,0.6505206666666666,0.31733333333333336,0.4074533573770124,0.1317706666666667
IMDB-MULTI,IMDB-MULTI,netlsd,256,0,0.47733333333333333,0.46347670509320915,0.6505206666666666,0.47733333333333333,0.46347670509320915,0.6505206666666666,0.0,0.0,0.0
MUTAG,MUTAG,gin,256,0,0.973404255319149,0.9704986975488812,0.9991111111111111,0.973404255319149,0.9704986975488812,0.9991111111111111,0.0,0.0,0.0
MUTAG,ENZYMES,gin,256,0,0.18333333333333332,0.0825127462943519,0.52888,0.973404255319149,0.9704986975488812,0.9991111111111111,0.7900709219858156,0.8879859512545293,0.47023111111111104
MUTAG,IMDB-MULTI,gin,256,0,0.27666666666666667,0.222275944295409,0.43212249999999996,0.973404255319149,0.9704986975488812,0.9991111111111111,0.6967375886524823,0.7482227532534722,0.5669886111111111
ENZYMES,MUTAG,gin,256,0,0.0,0.0,0.5,0.96,0.960276998870984,0.99826,0.96,0.960276998870984,0.49826000000000004
ENZYMES,ENZYMES,gin,256,0,0.96,0.960276998870984,0.99826,0.96,0.960276998870984,0.99826,0.0,0.0,0.0
ENZYMES,IMDB-MULTI,gin,256,0,0.0,0.0,,0.96,0.960276998870984,0.99826,0.96,0.960276998870984,
IMDB-MULTI,MUTAG,gin,256,0,0.3351063829787234,0.250996015936255,0.5,0.5253333333333333,0.5069092047986039,0.714802,0.1902269503546099,0.25591318886234893,0.21480200000000005
IMDB-MULTI,ENZYMES,gin,256,0,0.16666666666666666,0.047619047619047616,0.5,0.5253333333333333,0.5069092047986039,0.714802,0.3586666666666667,0.4592901571795563,0.21480200000000005
IMDB-MULTI,IMDB-MULTI,gin,256,0,0.5253333333333333,0.5069092047986039,0.714802,0.5253333333333333,0.5069092047986039,0.714802,0.0,0.0,0.0
MUTAG,MUTAG,graph2vec,16,1,1.0,1.0,1.0,1.0,1.0,1.0,0.0,0.0,0.0
MUTAG,ENZYMES,graph2vec,16,1,0.16666666666666666,0.047619047619047616,0.49701,1.0,1.0,1.0,0.8333333333333334,0.9523809523809523,0.50299
MUTAG,IMDB-MULTI,graph2vec,16,1,0.3353333333333333,0.2463838302706012,0.5091205,1.0,1.0,1.0,0.6646666666666667,0.7536161697293988,0.4908795
ENZYMES,MUTAG,graph2vec,16,1,0.0,0.0,0.3291428571428572,0.8716666666666667,0.8715261692712325,0.9841133333333333,0.8716666666666667,0.8715261692712325,0.6549704761904761
ENZYMES,ENZYMES,graph2vec,16,1,0.8716666666666667,0.8715261692712325,0.9841133333333333,0.8716666666666667,0.8715261692712325,0.9841133333333333,0.0,0.0,0.0
ENZYMES,IMDB-MULTI,graph2vec,16,1,0.046,0.03482920163584289,,0.8716666666666667,0.8715261692712325,0.9841133333333333,0.8256666666666667,0.8366969676353896,
IMDB-MULTI,MUTAG,graph2vec,16,1,0.526595744680851,0.5095987572906592,0.5066666666666667,0.7186666666666667,0.7165771061353642,0.8954306666666666,0.19207092198581566,0.206978348844705,0.3887639999999999
IMDB-MULTI,ENZYMES,graph2vec,16,1,0.18166666666666667,0.08633958633958634,0.5397066666666667,0.7186666666666667,0.7165771061353642,0.8954306666666666,0.537,0.6302375197957778,0.35572399999999993
IMDB-MULTI,IMDB-MULTI,graph2vec,16,1,0.7186666666666667,0.7165771061353642,0.8954306666666666,0.7186666666666667,0.7165771061353642,0.8954306666666666,0.0,0.0,0.0
MUTAG,MUTAG,netlsd,16,1,0.9680851063829787,0.9635988124435265,0.9977777777777778,0.9680851063829787,0.9635988124435265,0.9977777777777778,0.0,0.0,0.0
MUTAG,ENZYMES,netlsd,16,1,0.13,0.06181181181181181,0.403435,0.9680851063829787,0.9635988124435265,0.9977777777777778,0.8380851063829787,0.9017870006317147,0.5943427777777778
MUTAG,IMDB-MULTI,netlsd,16,1,0.29,0.22741182161858853,0.460509,0.9680851063829787,0.9635988124435265,0.9977777777777778,0.6780851063829787,0.736186990824938,0.5372687777777778
ENZYMES,MUTAG,netlsd,16,1,0.39361702127659576,0.18320582877959926,0.40285714285714286,0.9166666666666666,0.9165277918371287,0.99391,0.5230496453900708,0.7333219630575295,0.591052857142857
ENZYMES,ENZYMES,netlsd,16,1,0.9166666666666666,0.9165277918371287,0.99391,0.9166666666666666,0.9165277918371287,0.99391,0.0,0.0,0.0
ENZYMES,IMDB-MULTI,netlsd,16,1,0.32,0.14146882700067337,,0.9166666666666666,0.9165277918371287,0.99391,0.5966666666666667,0.7750589648364554,
IMDB-MULTI,MUTAG,netlsd,16,1,0.39361702127659576,0.2839350220508388,0.5711746031746031,0.6186666666666667,0.6133721774589019,0.8108243333333333,0.22504964539007094,0.3294371554080631,0.23964973015873015
IMDB-MULTI,ENZYMES,netlsd,16,1,0.135,0.07856980056980058,0.4624866666666667,0.6186666666666667,0.6133721774589019,0.8108243333333333,0.4836666666666667,0.5348023768891014,0.34833766666666655
IMDB-MULTI,IMDB-MULTI,netlsd,16,1,0.6186666666666667,0.6133721774589019,0.8108243333333333,0.6186666666666667,0.6133721774589019,0.8108243333333333,0.0,0.0,0.0
MUTAG,MUTAG,gin,16,1,0.8563829787234043,0.8439834024896266,0.9434920634920635,0.8563829787234043,0.8439834024896266,0.9434920634920635,0.0,0.0,0.0
MUTAG,ENZYMES,gin,16,1,0.14,0.07200256747487588,0.43818999999999997,0.8563829787234043,0.8439834024896266,0.9434920634920635,0.7163829787234043,0.7719808350147507,0.5053020634920635
MUTAG,IMDB-MULTI,gin,16,1,0.3333333333333333,0.16666666666666666,0.47775,0.8563829787234043,0.8439834024896266,0.9434920634920635,0.523049645390071,0.6773167358229599,0.4657420634920635
ENZYMES,MUTAG,gin,16,1,0.0,0.0,0.364952380952381,0.5733333333333334,0.5715951279646889,0.8726200000000001,0.5733333333333334,0.5715951279646889,0.507667619047619
ENZYMES,ENZYMES,gin,16,1,0.5733333333333334,0.5715951279646889,0.8726200000000001,0.5733333333333334,0.5715951279646889,0.8726200000000001,0.0,0.0,0.0
ENZYMES,IMDB-MULTI,gin,16,1,0.0,0.0,,0.5733333333333334,0.5715951279646889,0.8726200000000001,0.5733333333333334,0.5715951279646889,
IMDB-MULTI,MUTAG,gin,16,1,0.6968085106382979,0.3918220821294107,0.6505396825396825,0.4266666666666667,0.41759492966129486,0.5980906666666667,-0.27014184397163116,0.025772847531884135,-0.05244901587301587
IMDB-MULTI,ENZYMES,gin,16,1,0.14666666666666667,0.07588320796323804,0.476,0.4266666666666667,0.41759492966129486,0.5980906666666667,0.28,0.3417117216980568,0.12209066666666668
IMDB-MULTI,IMDB-MULTI,gin,16,1,0.4266666666666667,0.41759492966129486,0.5980906666666667,0.4266666666666667,0.41759492966129486,0.5980906666666667,0.0,0.0,0.0
MUTAG,MUTAG,graph2vec,32,1,1.0,1.0,1.0,1.0,1.0,1.0,0.0,0.0,0.0
MUTAG,ENZYMES,graph2vec,32,1,0.16666666666666666,0.047619047619047616,0.49399000000000004,1.0,1.0,1.0,0.8333333333333334,0.9523809523809523,0.50601
MUTAG,IMDB-MULTI,graph2vec,32,1,0.282,0.21754549437871953,0.4234375,1.0,1.0,1.0,0.718,0.7824545056212805,0.5765625
ENZYMES,MUTAG,graph2vec,32,1,0.005319148936170213,0.005208333333333333,0.3758730158730159,1.0,1.0,1.0,0.9946808510638298,0.9947916666666666,0.6241269841269841
ENZYMES,ENZYMES,graph2vec,32,1,1.0,1.0,1.0,1.0,1.0,1.0,0.0,0.0,0.0
ENZYMES,IMDB-MULTI,graph2vec,32,1,0.14333333333333334,0.10153128595751547,,1.0,1.0,1.0,0.8566666666666667,0.8984687140424845,
IMDB-MULTI,MUTAG,graph2vec,32,1,0.3351063829787234,0.250996015936255,0.341968253968254,0.8646666666666667,0.8649516706122501,0.9683433333333333,0.5295602836879433,0.6139556546759951,0.6263750793650793
IMDB-MULTI,ENZYMES,graph2vec,32,1,0.165,0.04734576757532281,0.50961,0.8646666666666667,0.8649516706122501,0.9683433333333333,0.6996666666666667,0.8176059030369273,0.4587333333333333
IMDB-MULTI,IMDB-MULTI,graph2vec,32,1,0.8646666666666667,0.8649516706122501,0.9683433333333333,0.8646666666666667,0.8649516706122501,0.9683433333333333,0.0,0.0,0.0
MUTAG,MUTAG,netlsd,32,1,0.9787234042553191,0.9757325416290177,0.9991746031746032,0.9787234042553191,0.9757325416290177,0.9991746031746032,0.0,0.0,0.0
MUTAG,ENZYMES,netlsd,32,1,0.15,0.06710734608308733,0.45942500000000003,0.9787234042553191,0.9757325416290177,0.9991746031746032,0.8287234042553191,0.9086251955459304,0.5397496031746032
MUTAG,IMDB-MULTI,netlsd,32,1,0.2866666666666667,0.22489015409369392,0.4508025,0.9787234042553191,0.9757325416290177,0.9991746031746032,0.6920567375886524,0.7508423875353237,0.5483721031746032
ENZYMES,MUTAG,netlsd,32,1,0.6276595744680851,0.19344262295081968,0.31320634920634915,1.0,1.0,1.0,0.37234042553191493,0.8065573770491803,0.6867936507936508
ENZYMES,ENZYMES,netlsd,32,1,1.0,1.0,1.0,1.0,1.0,1.0,0.0,0.0,0.0
ENZYMES,IMDB-MULTI,netlsd,32,1,0.308,0.12157894736842105,,1.0,1.0,1.0,0.692,0.878421052631579,
IMDB-MULTI,MUTAG,netlsd,32,1,0.32978723404255317,0.16734143049932523,0.5358730158730158,0.6806666666666666,0.677072827434948,0.8608706666666667,0.3508794326241135,0.5097313969356227,0.32499765079365084
IMDB-MULTI,ENZYMES,netlsd,32,1,0.16333333333333333,0.057817808243441904,0.4963966666666666,0.6806666666666666,0.677072827434948,0.8608706666666667,0.5173333333333333,0.619255019191506,0.3644740000000001
IMDB-MULTI,IMDB-MULTI,netlsd,32,1,0.6806666666666666,0.677072827434948,0.8608706666666667,0.6806666666666666,0.677072827434948,0.8608706666666667,0.0,0.0,0.0
MUTAG,MUTAG,gin,32,1,0.925531914893617,0.9170866935483871,0.9823492063492063,0.925531914893617,0.9170866935483871,0.9823492063492063,0.0,0.0,0.0
MUTAG,ENZYMES,gin,32,1,0.16666666666666666,0.047619047619047616,0.5,0.925531914893617,0.9170866935483871,0.9823492063492063,0.7588652482269503,0.8694676459293396,0.4823492063492063
MUTAG,IMDB-MULTI,gin,32,1,0.3413333333333333,0.20820533973029984,0.4989299999999999,0.925531914893617,0.9170866935483871,0.9823492063492063,0.5841985815602837,0.7088813538180873,0.48341920634920643
ENZYMES,MUTAG,gin,32,1,0.1702127659574468,0.1921921921921922,0.1523809523809524,0.6483333333333333,0.6461005395970877,0.9107233333333334,0.4781205673758865,0.4539083474048955,0.758342380952381
ENZYMES,ENZYMES,gin,32,1,0.6483333333333333,0.6461005395970877,0.9107233333333334,0.6483333333333333,0.6461005395970877,0.9107233333333334,0.0,0.0,0.0
ENZYMES,IMDB-MULTI,gin,32,1,0.19266666666666668,0.10625,,0.6483333333333333,0.6461005395970877,0.9107233333333334,0.45566666666666666,0.5398505395970877,
IMDB-MULTI,MUTAG,gin,32,1,0.13829787234042554,0.09171075837742504,0.2238730158730159,0.462,0.40685354844023386,0.644095,0.3237021276595745,0.3151427900628088,0.4202219841269841
IMDB-MULTI,ENZYMES,gin,32,1,0.17666666666666667,0.0774033069655916,0.49422000000000005,0.462,0.40685354844023386,0.644095,0.2853333333333333,0.32945024147464225,0.14987499999999992
IMDB-MULTI,IMDB-MULTI,gin,32,1,0.462,0.40685354844023386,0.644095,0.462,0.40685354844023386,0.644095,0.0,0.0,0.0
MUTAG,MUTAG,graph2vec,64,1,1.0,1.0,1.0,1.0,1.0,1.0,0.0,0.0,0.0
MUTAG,ENZYMES,graph2vec,64,1,0.16666666666666666,0.04775549188156638,0.49700500000000003,1.0,1.0,1.0,0.8333333333333334,0.9522445081184336,0.502995
MUTAG,IMDB-MULTI,graph2vec,64,1,0.3273333333333333,0.20124003285432887,0.48565899999999995,1.0,1.0,1.0,0.6726666666666667,0.7987599671456711,0.514341
ENZYMES,MUTAG,graph2vec,64,1,0.0,0.0,0.31555555555555553,1.0,1.0,1.0,1.0,1.0,0.6844444444444444
ENZYMES,ENZYMES,graph2vec,64,1,1.0,1.0,1.0,1.0,1.0,1.0,0.0,0.0,0.0
ENZYMES,IMDB-MULTI,graph2vec,64,1,0.03866666666666667,0.04029931085470272,,1.0,1.0,1.0,0.9613333333333334,0.9597006891452973,
IMDB-MULTI,MUTAG,graph2vec,64,1,0.3351063829787234,0.250996015936255,0.3885714285714286,0.9046666666666666,0.9041743828717218,0.9859646666666667,0.5695602836879432,0.6531783669354668,0.597393238095238
IMDB-MULTI,ENZYMES,graph2vec,64,1,0.16,0.07886641710859242,0.5033066666666667,0.9046666666666666,0.9041743828717218,0.9859646666666667,0.7446666666666666,0.8253079657631294,0.48265800000000003
IMDB-MULTI,IMDB-MULTI,graph2vec,64,1,0.9046666666666666,0.9041743828717218,0.9859646666666667,0.9046666666666666,0.9041743828717218,0.9859646666666667,0.0,0.0,0.0
MUTAG,MUTAG,netlsd,64,1,0.9893617021276596,0.9879672299027138,0.9994285714285714,0.9893617021276596,0.9879672299027138,0.9994285714285714,0.0,0.0,0.0
MUTAG,ENZYMES,netlsd,64,1,0.155,0.07363149312834848,0.46634000000000003,0.9893617021276596,0.9879672299027138,0.9994285714285714,0.8343617021276596,0.9143357367743653,0.5330885714285714
MUTAG,IMDB-MULTI,netlsd,64,1,0.304,0.24155849743699065,0.451399,0.9893617021276596,0.9879672299027138,0.9994285714285714,0.6853617021276597,0.7464087324657231,0.5480295714285714
ENZYMES,MUTAG,netlsd,64,1,0.0,0.0,0.35638095238095235,1.0,1.0,1.0,1.0,1.0,0.6436190476190476
ENZYMES,ENZYMES,netlsd,64,1,1.0,1.0,1.0,1.0,1.0,1.0,0.0,0.0,0.0
ENZYMES,IMDB-MULTI,netlsd,64,1,0.21666666666666667,0.08826128241126406,,1.0,1.0,1.0,0.7833333333333333,0.9117387175887359,
IMDB-MULTI,MUTAG,netlsd,64,1,0.4627659574468085,0.30660888407367276,0.4887619047619048,0.736,0.7359559351086977,0.9055423333333333,0.2732340425531915,0.42934705103502496,0.41678042857142855
IMDB-MULTI,ENZYMES,netlsd,64,1,0.16833333333333333,0.09398803400916728,0.5042966666666667,0.736,0.7359559351086977,0.9055423333333333,0.5676666666666667,0.6419679010995305,0.4012456666666666
IMDB-MULTI,IMDB-MULTI,netlsd,64,1,0.736,0.7359559351086977,0.9055423333333333,0.736,0.7359559351086977,0.9055423333333333,0.0,0.0,0.0
MUTAG,MUTAG,gin,64,1,0.9308510638297872,0.9243788483554565,0.975111111111111,0.9308510638297872,0.9243788483554565,0.975111111111111,0.0,0.0,0.0
MUTAG,ENZYMES,gin,64,1,0.165,0.04734576757532281,0.461775,0.9308510638297872,0.9243788483554565,0.975111111111111,0.7658510638297872,0.8770330807801336,0.513336111111111
MUTAG,IMDB-MULTI,gin,64,1,0.3333333333333333,0.16666666666666666,0.43989500000000004,0.9308510638297872,0.9243788483554565,0.975111111111111,0.5975177304964538,0.7577121816887898,0.535216111111111
ENZYMES,MUTAG,gin,64,1,0.0,0.0,0.8219682539682541,0.735,0.7338597314905465,0.9438333333333334,0.735,0.7338597314905465,0.12186507936507929
ENZYMES,ENZYMES,gin,64,1,0.735,0.7338597314905465,0.9438333333333334,0.735,0.7338597314905465,0.9438333333333334,0.0,0.0,0.0
ENZYMES,IMDB-MULTI,gin,64,1,0.0,0.0,,0.735,0.7338597314905465,0.9438333333333334,0.735,0.7338597314905465,
IMDB-MULTI,MUTAG,gin,64,1,0.44680851063829785,0.2058823529411765,0.24774603174603174,0.5246666666666666,0.5160931873782149,0.7020693333333333,0.07785815602836876,0.31021083443703834,0.4543233015873016
IMDB-MULTI,ENZYMES,gin,64,1,0.19,0.09589022429346196,0.5274266666666666,0.5246666666666666,0.5160931873782149,0.7020693333333333,0.3346666666666666,0.4202029630847529,0.17464266666666672
IMDB-MULTI,IMDB-MULTI,gin,64,1,0.5246666666666666,0.5160931873782149,0.7020693333333333,0.5246666666666666,0.5160931873782149,0.7020693333333333,0.0,0.0,0.0
MUTAG,MUTAG,graph2vec,128,1,1.0,1.0,1.0,1.0,1.0,1.0,0.0,0.0,0.0
MUTAG,ENZYMES,graph2vec,128,1,0.16666666666666666,0.047619047619047616,0.5,1.0,1.0,1.0,0.8333333333333334,0.9523809523809523,0.5
MUTAG,IMDB-MULTI,graph2vec,128,1,0.3333333333333333,0.17565849795782276,0.5165715,1.0,1.0,1.0,0.6666666666666667,0.8243415020421773,0.48342850000000004
ENZYMES,MUTAG,graph2vec,128,1,0.0,0.0,0.30196825396825394,1.0,1.0,1.0,1.0,1.0,0.698031746031746
ENZYMES,ENZYMES,graph2vec,128,1,1.0,1.0,1.0,1.0,1.0,1.0,0.0,0.0,0.0
ENZYMES,IMDB-MULTI,graph2vec,128,1,0.07733333333333334,0.05477986647206054,,1.0,1.0,1.0,0.9226666666666666,0.9452201335279394,
IMDB-MULTI,MUTAG,graph2vec,128,1,0.3351063829787234,0.250996015936255,0.3005714285714286,0.9393333333333334,0.9393279036702133,0.9947653333333334,0.6042269503546099,0.6883318877339584,0.6941939047619048
IMDB-MULTI,ENZYMES,graph2vec,128,1,0.16666666666666666,0.047619047619047616,0.5045066666666667,0.9393333333333334,0.9393279036702133,0.9947653333333334,0.7726666666666667,0.8917088560511657,0.49025866666666673
IMDB-MULTI,IMDB-MULTI,graph2vec,128,1,0.9393333333333334,0.9393279036702133,0.9947653333333334,0.9393333333333334,0.9393279036702133,0.9947653333333334,0.0,0.0,0.0
MUTAG,MUTAG,netlsd,128,1,0.9893617021276596,0.9879672299027138,0.9995555555555555,0.9893617021276596,0.9879672299027138,0.9995555555555555,0.0,0.0,0.0
MUTAG,ENZYMES,netlsd,128,1,0.16,0.07900390877792447,0.460445,0.9893617021276596,0.9879672299027138,0.9995555555555555,0.8293617021276596,0.9089633211247893,0.5391105555555555
MUTAG,IMDB-MULTI,netlsd,128,1,0.2926666666666667,0.22596579346805126,0.459728,0.9893617021276596,0.9879672299027138,0.9995555555555555,0.6966950354609929,0.7620014364346626,0.5398275555555555
ENZYMES,MUTAG,netlsd,128,1,0.2978723404255319,0.11617761217202298,0.4371428571428571,1.0,1.0,1.0,0.7021276595744681,0.8838223878279771,0.562857142857143
ENZYMES,ENZYMES,netlsd,128,1,1.0,1.0,1.0,1.0,1.0,1.0,0.0,0.0,0.0
ENZYMES,IMDB-MULTI,netlsd,128,1,0.20666666666666667,0.11485266547640893,,1.0,1.0,1.0,0.7933333333333333,0.8851473345235911,
IMDB-MULTI,MUTAG,netlsd,128,1,0.5957446808510638,0.356017556017556,0.5208253968253969,0.7393333333333333,0.7394520178028676,0.9096763333333334,0.14358865248226949,0.3834344617853116,0.38885093650793656
IMDB-MULTI,ENZYMES,netlsd,128,1,0.165,0.07778344611006209,0.4861333333333333,0.7393333333333333,0.7394520178028676,0.9096763333333334,0.5743333333333333,0.6616685716928056,0.4235430000000001
IMDB-MULTI,IMDB-MULTI,netlsd,128,1,0.7393333333333333,0.7394520178028676,0.9096763333333334,0.7393333333333333,0.7394520178028676,0.9096763333333334,0.0,0.0,0.0
MUTAG,MUTAG,gin,128,1,0.9574468085106383,0.9529706066291432,0.9937777777777779,0.9574468085106383,0.9529706066291432,0.9937777777777779,0.0,0.0,0.0
MUTAG,ENZYMES,gin,128,1,0.16666666666666666,0.047619047619047616,0.5025,0.9574468085106383,0.9529706066291432,0.9937777777777779,0.7907801418439717,0.9053515590100956,0.4912777777777779
MUTAG,IMDB-MULTI,gin,128,1,0.3333333333333333,0.16666666666666666,0.5,0.9574468085106383,0.9529706066291432,0.9937777777777779,0.624113475177305,0.7863039399624766,0.49377777777777787
ENZYMES,MUTAG,gin,128,1,0.0,0.0,0.5,0.8116666666666666,0.8114750034173022,0.96904,0.8116666666666666,0.8114750034173022,0.46904
ENZYMES,ENZYMES,gin,128,1,0.8116666666666666,0.8114750034173022,0.96904,0.8116666666666666,0.8114750034173022,0.96904,0.0,0.0,0.0
ENZYMES,IMDB-MULTI,gin,128,1,0.2793333333333333,0.22004506127212262,,0.8116666666666666,0.8114750034173022,0.96904,0.5323333333333333,0.5914299421451795,
IMDB-MULTI,MUTAG,gin,128,1,0.3351063829787234,0.250996015936255,0.5,0.484,0.4775297619047619,0.6796579999999999,0.14889361702127657,0.2265337459685069,0.17965799999999987
IMDB-MULTI,ENZYMES,gin,128,1,0.16666666666666666,0.047619047619047616,0.49933333333333335,0.484,0.4775297619047619,0.6796579999999999,0.31733333333333336,0.42991071428571426,0.18032466666666652
IMDB-MULTI,IMDB-MULTI,gin,128,1,0.484,0.4775297619047619,0.6796579999999999,0.484,0.4775297619047619,0.6796579999999999,0.0,0.0,0.0
MUTAG,MUTAG,graph2vec,256,1,1.0,1.0,1.0,1.0,1.0,1.0,0.0,0.0,0.0
MUTAG,ENZYMES,graph2vec,256,1,0.17333333333333334,0.06051523585242275,0.5120800000000001,1.0,1.0,1.0,0.8266666666666667,0.9394847641475772,0.4879199999999999
MUTAG,IMDB-MULTI,graph2vec,256,1,0.336,0.18312884383595515,0.5380915,1.0,1.0,1.0,0.6639999999999999,0.8168711561640448,0.46190850000000006
ENZYMES,MUTAG,graph2vec,256,1,0.0,0.0,0.3462857142857143,1.0,1.0,1.0,1.0,1.0,0.6537142857142857
ENZYMES,ENZYMES,graph2vec,256,1,1.0,1.0,1.0,1.0,1.0,1.0,0.0,0.0,0.0
ENZYMES,IMDB-MULTI,graph2vec,256,1,0.006,0.0058420958374907255,,1.0,1.0,1.0,0.994,0.9941579041625093,
IMDB-MULTI,MUTAG,graph2vec,256,1,0.3351063829787234,0.250996015936255,0.2924444444444445,0.8946666666666667,0.895447341215348,0.9802733333333332,0.5595602836879433,0.644451325279093,0.6878288888888887
IMDB-MULTI,ENZYMES,graph2vec,256,1,0.16666666666666666,0.047619047619047616,0.50828,0.8946666666666667,0.895447341215348,0.9802733333333332,0.7280000000000001,0.8478282935963004,0.47199333333333326
IMDB-MULTI,IMDB-MULTI,graph2vec,256,1,0.8946666666666667,0.895447341215348,0.9802733333333332,0.8946666666666667,0.895447341215348,0.9802733333333332,0.0,0.0,0.0
MUTAG,MUTAG,netlsd,256,1,0.9095744680851063,0.9004206262657735,0.9639365079365079,0.9095744680851063,0.9004206262657735,0.9639365079365079,0.0,0.0,0.0
MUTAG,ENZYMES,netlsd,256,1,0.165,0.04741379310344828,0.43006999999999995,0.9095744680851063,0.9004206262657735,0.9639365079365079,0.7445744680851063,0.8530068331623252,0.5338665079365079
MUTAG,IMDB-MULTI,netlsd,256,1,0.3333333333333333,0.16666666666666666,0.441635,0.9095744680851063,0.9004206262657735,0.9639365079365079,0.5762411347517731,0.7337539595991068,0.5223015079365079
ENZYMES,MUTAG,netlsd,256,1,0.12234042553191489,0.05897435897435897,0.18641269841269845,0.3283333333333333,0.306960728583783,0.7096366666666668,0.20599290780141843,0.247986369609424,0.5232239682539683
ENZYMES,ENZYMES,netlsd,256,1,0.3283333333333333,0.306960728583783,0.7096366666666668,0.3283333333333333,0.306960728583783,0.7096366666666668,0.0,0.0,0.0
ENZYMES,IMDB-MULTI,netlsd,256,1,0.326,0.146375847852108,,0.3283333333333333,0.306960728583783,0.7096366666666668,0.0023333333333332984,0.16058488073167498,
IMDB-MULTI,MUTAG,netlsd,256,1,0.6223404255319149,0.6034815672994089,0.5737777777777778,0.43733333333333335,0.4125611297282652,0.6429696666666667,-0.18500709219858158,-0.19092043757114374,0.06919188888888883
IMDB-MULTI,ENZYMES,netlsd,256,1,0.155,0.056459191787753917,0.5204766666666667,0.43733333333333335,0.4125611297282652,0.6429696666666667,0.2823333333333333,0.35610193794051126,0.12249299999999996
IMDB-MULTI,IMDB-MULTI,netlsd,256,1,0.43733333333333335,0.4125611297282652,0.6429696666666667,0.43733333333333335,0.4125611297282652,0.6429696666666667,0.0,0.0,0.0
MUTAG,MUTAG,gin,256,1,0.973404255319149,0.9704986975488812,0.9975873015873016,0.973404255319149,0.9704986975488812,0.9975873015873016,0.0,0.0,0.0
MUTAG,ENZYMES,gin,256,1,0.16666666666666666,0.047619047619047616,0.502015,0.973404255319149,0.9704986975488812,0.9975873015873016,0.8067375886524824,0.9228796499298335,0.4955723015873016
MUTAG,IMDB-MULTI,gin,256,1,0.3333333333333333,0.16666666666666666,0.5,0.973404255319149,0.9704986975488812,0.9975873015873016,0.6400709219858156,0.8038320308822146,0.4975873015873016
ENZYMES,MUTAG,gin,256,1,0.0,0.0,0.5,0.975,0.9750240876483959,0.9995766666666666,0.975,0.9750240876483959,0.49957666666666656
ENZYMES,ENZYMES,gin,256,1,0.975,0.9750240876483959,0.9995766666666666,0.975,0.9750240876483959,0.9995766666666666,0.0,0.0,0.0
ENZYMES,IMDB-MULTI,gin,256,1,0.0,0.0,,0.975,0.9750240876483959,0.9995766666666666,0.975,0.9750240876483959,
IMDB-MULTI,MUTAG,gin,256,1,0.07446808510638298,0.0521415270018622,0.5,0.5026666666666667,0.4880930308345052,0.6693123333333334,0.42819858156028373,0.43595150383264303,0.1693123333333334
IMDB-MULTI,ENZYMES,gin,256,1,0.16166666666666665,0.07154671108383741,0.4894133333333333,0.5026666666666667,0.4880930308345052,0.6693123333333334,0.3410000000000001,0.4165463197506678,0.1798990000000001
IMDB-MULTI,IMDB-MULTI,gin,256,1,0.5026666666666667,0.4880930308345052,0.6693123333333334,0.5026666666666667,0.4880930308345052,0.6693123333333334,0.0,0.0,0.0
MUTAG,MUTAG,graph2vec,16,2,1.0,1.0,1.0,1.0,1.0,1.0,0.0,0.0,0.0
MUTAG,ENZYMES,graph2vec,16,2,0.16666666666666666,0.047619047619047616,0.5,1.0,1.0,1.0,0.8333333333333334,0.9523809523809523,0.5
MUTAG,IMDB-MULTI,graph2vec,16,2,0.3253333333333333,0.2599341705420004,0.468951,1.0,1.0,1.0,0.6746666666666667,0.7400658294579996,0.531049
ENZYMES,MUTAG,graph2vec,16,2,0.005319148936170213,0.0031496062992125984,0.39949206349206345,0.865,0.8649161723029222,0.98216,0.8596808510638297,0.8617665660037096,0.5826679365079366
ENZYMES,ENZYMES,graph2vec,16,2,0.865,0.8649161723029222,0.98216,0.865,0.8649161723029222,0.98216,0.0,0.0,0.0
ENZYMES,IMDB-MULTI,graph2vec,16,2,0.116,0.07700771068222818,,0.865,0.8649161723029222,0.98216,0.749,0.787908461620694,
IMDB-MULTI,MUTAG,graph2vec,16,2,0.2925531914893617,0.15406162464985995,0.42069841269841274,0.7026666666666667,0.7018614264842805,0.8829600000000001,0.41011347517730495,0.5477998018344206,0.46226158730158734
IMDB-MULTI,ENZYMES,graph2vec,16,2,0.17166666666666666,0.06822145913389475,0.5183533333333333,0.7026666666666667,0.7018614264842805,0.8829600000000001,0.531,0.6336399673503857,0.36460666666666675
IMDB-MULTI,IMDB-MULTI,graph2vec,16,2,0.7026666666666667,0.7018614264842805,0.8829600000000001,0.7026666666666667,0.7018614264842805,0.8829600000000001,0.0,0.0,0.0
MUTAG,MUTAG,netlsd,16,2,0.9680851063829787,0.9635988124435265,0.9977777777777778,0.9680851063829787,0.9635988124435265,0.9977777777777778,0.0,0.0,0.0
MUTAG,ENZYMES,netlsd,16,2,0.13666666666666666,0.06707116623451831,0.40647,0.9680851063829787,0.9635988124435265,0.9977777777777778,0.831418439716312,0.8965276462090082,0.5913077777777778
MUTAG,IMDB-MULTI,netlsd,16,2,0.2886666666666667,0.2257582641499043,0.4597115,0.9680851063829787,0.9635988124435265,0.9977777777777778,0.6794184397163121,0.7378405482936222,0.5380662777777778
ENZYMES,MUTAG,netlsd,16,2,0.3404255319148936,0.1650088028169014,0.34869841269841273,0.9333333333333333,0.9333036352788918,0.9952333333333333,0.5929078014184397,0.7682948324619905,0.6465349206349206
ENZYMES,ENZYMES,netlsd,16,2,0.9333333333333333,0.9333036352788918,0.9952333333333333,0.9333333333333333,0.9333036352788918,0.9952333333333333,0.0,0.0,0.0
ENZYMES,IMDB-MULTI,netlsd,16,2,0.306,0.1003276035662249,,0.9333333333333333,0.9333036352788918,0.9952333333333333,0.6273333333333333,0.8329760317126669,
IMDB-MULTI,MUTAG,netlsd,16,2,0.3617021276595745,0.26547311000769286,0.6403809523809524,0.6206666666666667,0.614600202593313,0.8082736666666667,0.2589645390070922,0.3491270925856202,0.16789271428571428
IMDB-MULTI,ENZYMES,netlsd,16,2,0.15,0.07459193601408243,0.46765999999999996,0.6206666666666667,0.614600202593313,0.8082736666666667,0.4706666666666667,0.5400082665792306,0.3406136666666667
IMDB-MULTI,IMDB-MULTI,netlsd,16,2,0.6206666666666667,0.614600202593313,0.8082736666666667,0.6206666666666667,0.614600202593313,0.8082736666666667,0.0,0.0,0.0
MUTAG,MUTAG,gin,16,2,0.925531914893617,0.9176985616010007,0.9819682539682539,0.925531914893617,0.9176985616010007,0.9819682539682539,0.0,0.0,0.0
MUTAG,ENZYMES,gin,16,2,0.17,0.07056471407277823,0.51102,0.925531914893617,0.9176985616010007,0.9819682539682539,0.7555319148936169,0.8471338475282225,0.4709482539682539
MUTAG,IMDB-MULTI,gin,16,2,0.3333333333333333,0.16666666666666666,0.5002359999999999,0.925531914893617,0.9176985616010007,0.9819682539682539,0.5921985815602837,0.7510318949343341,0.48173225396825403
ENZYMES,MUTAG,gin,16,2,0.0,0.0,0.48412698412698413,0.605,0.6022050048593909,0.8835133333333335,0.605,0.6022050048593909,0.39938634920634936
ENZYMES,ENZYMES,gin,16,2,0.605,0.6022050048593909,0.8835133333333335,0.605,0.6022050048593909,0.8835133333333335,0.0,0.0,0.0
ENZYMES,IMDB-MULTI,gin,16,2,0.3333333333333333,0.16666666666666666,,0.605,0.6022050048593909,0.8835133333333335,0.27166666666666667,0.43553833819272425,
IMDB-MULTI,MUTAG,gin,16,2,0.3351063829787234,0.250996015936255,0.6646349206349207,0.346,0.19713617765549274,0.5110173333333333,0.010893617021276558,-0.05385983828076224,-0.15361758730158737
IMDB-MULTI,ENZYMES,gin,16,2,0.17166666666666666,0.060033540284021976,0.5057466666666667,0.346,0.19713617765549274,0.5110173333333333,0.1743333333333333,0.13710263737147077,0.005270666666666646
IMDB-MULTI,IMDB-MULTI,gin,16,2,0.346,0.19713617765549274,0.5110173333333333,0.346,0.19713617765549274,0.5110173333333333,0.0,0.0,0.0
MUTAG,MUTAG,graph2vec,32,2,1.0,1.0,1.0,1.0,1.0,1.0,0.0,0.0,0.0
MUTAG,ENZYMES,graph2vec,32,2,0.17333333333333334,0.06043039086517347,0.52101,1.0,1.0,1.0,0.8266666666666667,0.9395696091348266,0.47899
MUTAG,IMDB-MULTI,graph2vec,32,2,0.33266666666666667,0.26616046803746485,0.49291,1.0,1.0,1.0,0.6673333333333333,0.7338395319625352,0.50709
ENZYMES,MUTAG,graph2vec,32,2,0.02127659574468085,0.014904909332153915,0.36609523809523814,1.0,1.0,1.0,0.9787234042553191,0.9850950906678461,0.6339047619047619
ENZYMES,ENZYMES,graph2vec,32,2,1.0,1.0,1.0,1.0,1.0,1.0,0.0,0.0,0.0
ENZYMES,IMDB-MULTI,graph2vec,32,2,0.07733333333333334,0.05637874055058206,,1.0,1.0,1.0,0.9226666666666666,0.943621259449418,
IMDB-MULTI,MUTAG,graph2vec,32,2,0.3351063829787234,0.250996015936255,0.3368888888888889,0.858,0.8580651072646387,0.966238,0.5228936170212766,0.6070690913283837,0.6293491111111111
IMDB-MULTI,ENZYMES,graph2vec,32,2,0.165,0.05045681063122923,0.50299,0.858,0.8580651072646387,0.966238,0.693,0.8076082966334095,0.463248
IMDB-MULTI,IMDB-MULTI,graph2vec,32,2,0.858,0.8580651072646387,0.966238,0.858,0.8580651072646387,0.966238,0.0,0.0,0.0
MUTAG,MUTAG,netlsd,32,2,0.9787234042553191,0.9757325416290177,0.9991746031746032,0.9787234042553191,0.9757325416290177,0.9991746031746032,0.0,0.0,0.0
MUTAG,ENZYMES,netlsd,32,2,0.15,0.06742983960042336,0.46089500000000005,0.9787234042553191,0.9757325416290177,0.9991746031746032,0.8287234042553191,0.9083027020285943,0.5382796031746031
MUTAG,IMDB-MULTI,netlsd,32,2,0.2826666666666667,0.22782282386338845,0.4565554999999999,0.9787234042553191,0.9757325416290177,0.9991746031746032,0.6960567375886524,0.7479097177656292,0.5426191031746033
ENZYMES,MUTAG,netlsd,32,2,0.005319148936170213,0.0078125,0.1808888888888889,1.0,1.0,1.0,0.9946808510638298,0.9921875,0.8191111111111111
ENZYMES,ENZYMES,netlsd,32,2,1.0,1.0,1.0,1.0,1.0,1.0,0.0,0.0,0.0
ENZYMES,IMDB-MULTI,netlsd,32,2,0.0013333333333333333,0.001325381047051027,,1.0,1.0,1.0,0.9986666666666667,0.998674618952949,
IMDB-MULTI,MUTAG,netlsd,32,2,0.35106382978723405,0.22656804134157463,0.535047619047619,0.6766666666666666,0.6730278117011449,0.8605959999999998,0.3256028368794326,0.4464597703595703,0.3255483809523808
IMDB-MULTI,ENZYMES,netlsd,32,2,0.17166666666666666,0.08988773288421126,0.5038333333333332,0.6766666666666666,0.6730278117011449,0.8605959999999998,0.505,0.5831400788169336,0.35676266666666656
IMDB-MULTI,IMDB-MULTI,netlsd,32,2,0.6766666666666666,0.6730278117011449,0.8605959999999998,0.6766666666666666,0.6730278117011449,0.8605959999999998,0.0,0.0,0.0
MUTAG,MUTAG,gin,32,2,0.8936170212765957,0.8848039215686274,0.9475555555555556,0.8936170212765957,0.8848039215686274,0.9475555555555556,0.0,0.0,0.0
MUTAG,ENZYMES,gin,32,2,0.165,0.04748201438848921,0.507135,0.8936170212765957,0.8848039215686274,0.9475555555555556,0.7286170212765957,0.8373219071801382,0.4404205555555556
MUTAG,IMDB-MULTI,gin,32,2,0.3333333333333333,0.16666666666666666,0.5020450000000001,0.8936170212765957,0.8848039215686274,0.9475555555555556,0.5602836879432624,0.7181372549019608,0.4455105555555555
ENZYMES,MUTAG,gin,32,2,0.11702127659574468,0.0967032967032967,0.2994285714285715,0.6633333333333333,0.6617702136175657,0.9132266666666666,0.5463120567375886,0.565066916914269,0.6137980952380951
ENZYMES,ENZYMES,gin,32,2,0.6633333333333333,0.6617702136175657,0.9132266666666666,0.6633333333333333,0.6617702136175657,0.9132266666666666,0.0,0.0,0.0
ENZYMES,IMDB-MULTI,gin,32,2,0.318,0.08116385911179173,,0.6633333333333333,0.6617702136175657,0.9132266666666666,0.3453333333333333,0.580606354505774,
IMDB-MULTI,MUTAG,gin,32,2,0.6648936170212766,0.3993610223642173,0.23746031746031748,0.3566666666666667,0.23277083395004397,0.521052,-0.3082269503546099,-0.1665901884141733,0.2835916825396825
IMDB-MULTI,ENZYMES,gin,32,2,0.15833333333333333,0.07086836263056374,0.5077766666666667,0.3566666666666667,0.23277083395004397,0.521052,0.19833333333333336,0.1619024713194802,0.013275333333333306
IMDB-MULTI,IMDB-MULTI,gin,32,2,0.3566666666666667,0.23277083395004397,0.521052,0.3566666666666667,0.23277083395004397,0.521052,0.0,0.0,0.0
MUTAG,MUTAG,graph2vec,64,2,1.0,1.0,1.0,1.0,1.0,1.0,0.0,0.0,0.0
MUTAG,ENZYMES,graph2vec,64,2,0.15666666666666668,0.06869816083663903,0.44827000000000006,1.0,1.0,1.0,0.8433333333333333,0.931301839163361,0.5517299999999999
MUTAG,IMDB-MULTI,graph2vec,64,2,0.308,0.2195344883796749,0.49372900000000003,1.0,1.0,1.0,0.692,0.7804655116203251,0.5062709999999999
ENZYMES,MUTAG,graph2vec,64,2,0.0,0.0,0.32800000000000007,1.0,1.0,1.0,1.0,1.0,0.6719999999999999
ENZYMES,ENZYMES,graph2vec,64,2,1.0,1.0,1.0,1.0,1.0,1.0,0.0,0.0,0.0
ENZYMES,IMDB-MULTI,graph2vec,64,2,0.023333333333333334,0.021453234169428247,,1.0,1.0,1.0,0.9766666666666667,0.9785467658305718,
IMDB-MULTI,MUTAG,graph2vec,64,2,0.3351063829787234,0.250996015936255,0.352,0.9226666666666666,0.9226417975130846,0.98734,0.5875602836879432,0.6716457815768296,0.63534
IMDB-MULTI,ENZYMES,graph2vec,64,2,0.16666666666666666,0.047619047619047616,0.4887833333333333,0.9226666666666666,0.9226417975130846,0.98734,0.756,0.875022749894037,0.4985566666666667
IMDB-MULTI,IMDB-MULTI,graph2vec,64,2,0.9226666666666666,0.9226417975130846,0.98734,0.9226666666666666,0.9226417975130846,0.98734,0.0,0.0,0.0
MUTAG,MUTAG,netlsd,64,2,0.9893617021276596,0.9879672299027138,0.9994285714285714,0.9893617021276596,0.9879672299027138,0.9994285714285714,0.0,0.0,0.0
MUTAG,ENZYMES,netlsd,64,2,0.15333333333333332,0.07079721960010298,0.46752000000000005,0.9893617021276596,0.9879672299027138,0.9994285714285714,0.8360283687943263,0.9171700103026108,0.5319085714285714
MUTAG,IMDB-MULTI,netlsd,64,2,0.316,0.2463811458691063,0.48433950000000003,0.9893617021276596,0.9879672299027138,0.9994285714285714,0.6733617021276597,0.7415860840336075,0.5150890714285714
ENZYMES,MUTAG,netlsd,64,2,0.31382978723404253,0.09233176838810642,0.4295238095238096,1.0,1.0,1.0,0.6861702127659575,0.9076682316118936,0.5704761904761904
ENZYMES,ENZYMES,netlsd,64,2,1.0,1.0,1.0,1.0,1.0,1.0,0.0,0.0,0.0
ENZYMES,IMDB-MULTI,netlsd,64,2,0.2773333333333333,0.13678731141293538,,1.0,1.0,1.0,0.7226666666666667,0.8632126885870646,
IMDB-MULTI,MUTAG,netlsd,64,2,0.28191489361702127,0.2292501229882634,0.5201904761904762,0.7306666666666667,0.7298796711172931,0.8993173333333333,0.4487517730496454,0.5006295481290297,0.3791268571428571
IMDB-MULTI,ENZYMES,netlsd,64,2,0.14833333333333334,0.08753635769034852,0.47169,0.7306666666666667,0.7298796711172931,0.8993173333333333,0.5823333333333334,0.6423433134269446,0.4276273333333333
IMDB-MULTI,IMDB-MULTI,netlsd,64,2,0.7306666666666667,0.7298796711172931,0.8993173333333333,0.7306666666666667,0.7298796711172931,0.8993173333333333,0.0,0.0,0.0
MUTAG,MUTAG,gin,64,2,0.9308510638297872,0.923296613627091,0.9836190476190476,0.9308510638297872,0.923296613627091,0.9836190476190476,0.0,0.0,0.0
MUTAG,ENZYMES,gin,64,2,0.16666666666666666,0.047687172150691466,0.5,0.9308510638297872,0.923296613627091,0.9836190476190476,0.7641843971631206,0.8756094414763995,0.4836190476190476
MUTAG,IMDB-MULTI,gin,64,2,0.3333333333333333,0.16666666666666666,0.512373,0.9308510638297872,0.923296613627091,0.9836190476190476,0.5975177304964538,0.7566299469604244,0.47124604761904765
ENZYMES,MUTAG,gin,64,2,0.3723404255319149,0.21909233176838813,0.682920634920635,0.7316666666666667,0.7310122033165453,0.9406866666666668,0.3593262411347518,0.5119198715481571,0.25776603174603174
ENZYMES,ENZYMES,gin,64,2,0.7316666666666667,0.7310122033165453,0.9406866666666668,0.7316666666666667,0.7310122033165453,0.9406866666666668,0.0,0.0,0.0
ENZYMES,IMDB-MULTI,gin,64,2,0.0,0.0,,0.7316666666666667,0.7310122033165453,0.9406866666666668,0.7316666666666667,0.7310122033165453,
IMDB-MULTI,MUTAG,gin,64,2,0.0,0.0,0.5,0.43266666666666664,0.42193670589308246,0.6086793333333333,0.43266666666666664,0.42193670589308246,0.10867933333333335
IMDB-MULTI,ENZYMES,gin,64,2,0.12,0.06079854050028035,0.44399999999999995,0.43266666666666664,0.42193670589308246,0.6086793333333333,0.31266666666666665,0.36113816539280214,0.1646793333333334
IMDB-MULTI,IMDB-MULTI,gin,64,2,0.43266666666666664,0.42193670589308246,0.6086793333333333,0.43266666666666664,0.42193670589308246,0.6086793333333333,0.0,0.0,0.0
MUTAG,MUTAG,graph2vec,128,2,1.0,1.0,1.0,1.0,1.0,1.0,0.0,0.0,0.0
MUTAG,ENZYMES,graph2vec,128,2,0.16666666666666666,0.04775549188156638,0.5,1.0,1.0,1.0,0.8333333333333334,0.9522445081184336,0.5
MUTAG,IMDB-MULTI,graph2vec,128,2,0.316,0.22626921756347176,0.45275449999999995,1.0,1.0,1.0,0.6839999999999999,0.7737307824365283,0.5472455
ENZYMES,MUTAG,graph2vec,128,2,0.0,0.0,0.30133333333333334,1.0,1.0,1.0,1.0,1.0,0.6986666666666667
ENZYMES,ENZYMES,graph2vec,128,2,1.0,1.0,1.0,1.0,1.0,1.0,0.0,0.0,0.0
ENZYMES,IMDB-MULTI,graph2vec,128,2,0.06866666666666667,0.05322995786637622,,1.0,1.0,1.0,0.9313333333333333,0.9467700421336238,
IMDB-MULTI,MUTAG,graph2vec,128,2,0.3351063829787234,0.250996015936255,0.2911746031746032,0.9726666666666667,0.9727819755205763,0.9993659999999999,0.6375602836879433,0.7217859595843213,0.7081913968253967
IMDB-MULTI,ENZYMES,graph2vec,128,2,0.16166666666666665,0.046389287422285985,0.4987533333333333,0.9726666666666667,0.9727819755205763,0.9993659999999999,0.811,0.9263926880982903,0.5006126666666666
IMDB-MULTI,IMDB-MULTI,graph2vec,128,2,0.9726666666666667,0.9727819755205763,0.9993659999999999,0.9726666666666667,0.9727819755205763,0.9993659999999999,0.0,0.0,0.0
MUTAG,MUTAG,netlsd,128,2,0.9893617021276596,0.9879672299027138,0.9995555555555555,0.9893617021276596,0.9879672299027138,0.9995555555555555,0.0,0.0,0.0
MUTAG,ENZYMES,netlsd,128,2,0.16,0.07816357372832831,0.48758500000000005,0.9893617021276596,0.9879672299027138,0.9995555555555555,0.8293617021276596,0.9098036561743855,0.5119705555555555
MUTAG,IMDB-MULTI,netlsd,128,2,0.308,0.23707488823767894,0.4728285,0.9893617021276596,0.9879672299027138,0.9995555555555555,0.6813617021276597,0.7508923416650348,0.5267270555555555
ENZYMES,MUTAG,netlsd,128,2,0.2127659574468085,0.08350830169011987,0.3568888888888889,1.0,1.0,1.0,0.7872340425531915,0.9164916983098801,0.6431111111111111
ENZYMES,ENZYMES,netlsd,128,2,1.0,1.0,1.0,1.0,1.0,1.0,0.0,0.0,0.0
ENZYMES,IMDB-MULTI,netlsd,128,2,0.222,0.12579959651451064,,1.0,1.0,1.0,0.778,0.8742004034854893,
IMDB-MULTI,MUTAG,netlsd,128,2,0.34574468085106386,0.2511079679396511,0.551873015873016,0.7386666666666667,0.7386508143639615,0.9087316666666666,0.39292198581560284,0.4875428464243104,0.35685865079365064
IMDB-MULTI,ENZYMES,netlsd,128,2,0.15333333333333332,0.09030813329455863,0.47802666666666666,0.7386666666666667,0.7386508143639615,0.9087316666666666,0.5853333333333334,0.6483426810694028,0.43070499999999995
IMDB-MULTI,IMDB-MULTI,netlsd,128,2,0.7386666666666667,0.7386508143639615,0.9087316666666666,0.7386666666666667,0.7386508143639615,0.9087316666666666,0.0,0.0,0.0
MUTAG,MUTAG,gin,128,2,0.9202127659574468,0.9127448250255268,0.9814603174603174,0.9202127659574468,0.9127448250255268,0.9814603174603174,0.0,0.0,0.0
MUTAG,ENZYMES,gin,128,2,0.16666666666666666,0.047619047619047616,0.49900500000000003,0.9202127659574468,0.9127448250255268,0.9814603174603174,0.7535460992907802,0.8651257774064791,0.48245531746031733
MUTAG,IMDB-MULTI,gin,128,2,0.3333333333333333,0.16666666666666666,0.566404,0.9202127659574468,0.9127448250255268,0.9814603174603174,0.5868794326241136,0.7460781583588602,0.41505631746031735
ENZYMES,MUTAG,gin,128,2,0.3351063829787234,0.250996015936255,0.5,0.84,0.8398078744390642,0.9779200000000001,0.5048936170212766,0.5888118585028093,0.4779200000000001
ENZYMES,ENZYMES,gin,128,2,0.84,0.8398078744390642,0.9779200000000001,0.84,0.8398078744390642,0.9779200000000001,0.0,0.0,0.0
ENZYMES,IMDB-MULTI,gin,128,2,0.3333333333333333,0.16666666666666666,,0.84,0.8398078744390642,0.9779200000000001,0.5066666666666666,0.6731412077723976,
IMDB-MULTI,MUTAG,gin,128,2,0.26595744680851063,0.14245014245014245,0.5,0.49266666666666664,0.4674622955807924,0.683552,0.226709219858156,0.3250121531306499,0.18355200000000005
IMDB-MULTI,ENZYMES,gin,128,2,0.18833333333333332,0.09221998658618376,0.52878,0.49266666666666664,0.4674622955807924,0.683552,0.30433333333333334,0.37524230899460864,0.15477200000000002
IMDB-MULTI,IMDB-MULTI,gin,128,2,0.49266666666666664,0.4674622955807924,0.683552,0.49266666666666664,0.4674622955807924,0.683552,0.0,0.0,0.0
MUTAG,MUTAG,graph2vec,256,2,1.0,1.0,1.0,1.0,1.0,1.0,0.0,0.0,0.0
MUTAG,ENZYMES,graph2vec,256,2,0.16666666666666666,0.04775549188156638,0.5,1.0,1.0,1.0,0.8333333333333334,0.9522445081184336,0.5
MUTAG,IMDB-MULTI,graph2vec,256,2,0.3333333333333333,0.16666666666666666,0.5228355,1.0,1.0,1.0,0.6666666666666667,0.8333333333333334,0.4771645
ENZYMES,MUTAG,graph2vec,256,2,0.0,0.0,0.3168888888888889,1.0,1.0,1.0,1.0,1.0,0.6831111111111111
ENZYMES,ENZYMES,graph2vec,256,2,1.0,1.0,1.0,1.0,1.0,1.0,0.0,0.0,0.0
ENZYMES,IMDB-MULTI,graph2vec,256,2,0.009333333333333334,0.009085232199130325,,1.0,1.0,1.0,0.9906666666666667,0.9909147678008696,
IMDB-MULTI,MUTAG,graph2vec,256,2,0.3351063829787234,0.250996015936255,0.29384126984126985,0.8773333333333333,0.8784666298069684,0.9803693333333333,0.5422269503546099,0.6274706138707135,0.6865280634920634
IMDB-MULTI,ENZYMES,graph2vec,256,2,0.16666666666666666,0.047619047619047616,0.50132,0.8773333333333333,0.8784666298069684,0.9803693333333333,0.7106666666666667,0.8308475821879209,0.4790493333333333
IMDB-MULTI,IMDB-MULTI,graph2vec,256,2,0.8773333333333333,0.8784666298069684,0.9803693333333333,0.8773333333333333,0.8784666298069684,0.9803693333333333,0.0,0.0,0.0
MUTAG,MUTAG,netlsd,256,2,0.9095744680851063,0.9004206262657735,0.9666031746031746,0.9095744680851063,0.9004206262657735,0.9666031746031746,0.0,0.0,0.0
MUTAG,ENZYMES,netlsd,256,2,0.165,0.04741379310344828,0.44565,0.9095744680851063,0.9004206262657735,0.9666031746031746,0.7445744680851063,0.8530068331623252,0.5209531746031746
MUTAG,IMDB-MULTI,netlsd,256,2,0.3333333333333333,0.16666666666666666,0.44179499999999994,0.9095744680851063,0.9004206262657735,0.9666031746031746,0.5762411347517731,0.7337539595991068,0.5248081746031746
ENZYMES,MUTAG,netlsd,256,2,0.005319148936170213,0.0031496062992125984,0.15466666666666667,0.315,0.30681829015862144,0.7071733333333333,0.3096808510638298,0.3036686838594088,0.5525066666666667
ENZYMES,ENZYMES,netlsd,256,2,0.315,0.30681829015862144,0.7071733333333333,0.315,0.30681829015862144,0.7071733333333333,0.0,0.0,0.0
ENZYMES,IMDB-MULTI,netlsd,256,2,0.18,0.11449258781033947,,0.315,0.30681829015862144,0.7071733333333333,0.135,0.19232570234828197,
IMDB-MULTI,MUTAG,netlsd,256,2,0.6436170212765957,0.6322872573346956,0.564063492063492,0.4846666666666667,0.46969735960320264,0.6684113333333334,-0.158950354609929,-0.16258989773149296,0.10434784126984131
IMDB-MULTI,ENZYMES,netlsd,256,2,0.15666666666666668,0.05675001327175241,0.52127,0.4846666666666667,0.46969735960320264,0.6684113333333334,0.328,0.41294734633145025,0.14714133333333335
IMDB-MULTI,IMDB-MULTI,netlsd,256,2,0.4846666666666667,0.46969735960320264,0.6684113333333334,0.4846666666666667,0.46969735960320264,0.6684113333333334,0.0,0.0,0.0
MUTAG,MUTAG,gin,256,2,1.0,1.0,1.0,1.0,1.0,1.0,0.0,0.0,0.0
MUTAG,ENZYMES,gin,256,2,0.16333333333333333,0.05154459948980497,0.49116,1.0,1.0,1.0,0.8366666666666667,0.9484554005101951,0.50884
MUTAG,IMDB-MULTI,gin,256,2,0.33066666666666666,0.22302623042620176,0.44602850000000005,1.0,1.0,1.0,0.6693333333333333,0.7769737695737983,0.5539715
ENZYMES,MUTAG,gin,256,2,0.6542553191489362,0.26973684210526316,0.5484444444444445,0.945,0.9452910583034247,0.9979633333333333,0.29074468085106375,0.6755542161981616,0.4495188888888888
ENZYMES,ENZYMES,gin,256,2,0.945,0.9452910583034247,0.9979633333333333,0.945,0.9452910583034247,0.9979633333333333,0.0,0.0,0.0
ENZYMES,IMDB-MULTI,gin,256,2,0.2946666666666667,0.12360178970917227,,0.945,0.9452910583034247,0.9979633333333333,0.6503333333333332,0.8216892685942525,
IMDB-MULTI,MUTAG,gin,256,2,0.09574468085106383,0.06451612903225806,0.5,0.532,0.523795742396529,0.7139713333333333,0.4362553191489362,0.459279613364271,0.2139713333333333
IMDB-MULTI,ENZYMES,gin,256,2,0.18,0.09014379084967321,0.51972,0.532,0.523795742396529,0.7139713333333333,0.35200000000000004,0.4336519515468558,0.19425133333333333
IMDB-MULTI,IMDB-MULTI,gin,256,2,0.532,0.523795742396529,0.7139713333333333,0.532,0.523795742396529,0.7139713333333333,0.0,0.0,0.0
